,result_fighter1
705,0
4005,1
4748,0
4030,0
2153,1
24,0
6977,0
2473,0
5690,0
1693,1
5088,0
5468,1
5448,0
5632,1
3837,0
6804,0
1449,0
2468,0
5686,0
134,0
3541,0
4379,0
348,0
4026,1
6708,0
6351,1
6044,1
1019,1
3073,1
6909,0
6526,0
3582,0
5665,1
1965,0
6053,0
2422,0
5929,0
2668,0
2920,0
6255,1
1732,0
3840,1
1975,1
6982,0
1644,0
2816,0
4319,1
3791,0
4447,0
6610,1
6457,0
6385,1
2356,1
408,1
1794,0
3948,1
3031,1
5885,0
3196,0
4773,1
3684,1
1756,1
659,1
4054,1
663,0
6773,1
3961,1
3003,1
5571,0
6051,0
1598,0
1444,1
5629,0
6443,1
5742,0
5268,1
5086,0
5163,1
6088,0
6304,1
2843,0
6141,1
3192,1
1655,1
4877,0
4470,0
4624,0
5060,0
5918,0
6848,0
6821,1
5586,1
6911,0
4237,1
611,1
6907,0
1804,0
4948,0
3237,0
1190,1
724,1
6297,0
6731,1
2018,0
6269,0
1887,1
4046,1
421,0
3313,1
3799,1
628,0
912,0
6749,1
5591,1
2778,1
773,0
1824,0
6197,1
6024,1
5052,1
4991,0
2904,0
5608,1
1723,0
818,0
420,0
1137,0
2647,0
6533,1
3325,1
6202,1
3276,0
6721,1
6054,1
5034,0
670,0
4578,0
1952,1
981,0
4617,0
3972,0
3284,0
880,1
681,0
862,1
5079,1
6069,0
1453,1
6851,0
5574,1
234,0
3057,0
2008,0
6944,0
2102,1
3776,0
1838,1
1179,0
1082,1
5330,0
4941,0
124,0
4306,1
4328,0
3252,1
4316,1
4590,1
1670,0
3052,0
5572,0
3431,0
873,0
3674,0
1637,0
2984,1
1796,0
2814,0
5531,1
6171,0
5481,1
6601,0
4216,1
4225,0
4524,0
5530,1
4898,1
6018,1
1224,1
1285,0
5377,1
4620,0
6581,1
1576,1
4380,0
4459,0
699,0
3634,0
4799,1
1007,1
3375,0
5763,0
5764,0
329,1
4138,1
6796,1
5070,1
5167,0
3554,1
3718,1
2770,0
3769,0
5978,0
5747,1
4508,0
6653,0
4839,1
1815,0
363,1
5336,0
237,1
3883,0
3412,0
5493,0
5287,1
1874,0
6313,0
4077,0
496,0
5110,0
2157,1
63,1
1142,1
1736,1
4443,1
2399,0
5418,1
2585,0
3281,1
2880,0
6854,0
4573,0
4734,0
5316,1
3308,0
2141,1
2119,0
3137,0
3433,0
140,0
5341,1
4254,1
1512,1
6620,1
2706,1
300,1
2826,1
261,0
5611,0
3030,1
5090,1
1876,0
4397,1
1605,1
1708,1
4667,1
6934,0
4235,0
1334,1
6471,1
2523,0
5423,0
6689,1
3547,1
2533,1
5232,0
3491,0
6299,1
6226,0
697,1
5767,0
479,0
6806,1
907,1
3809,0
474,0
6626,0
6616,0
817,0
3826,0
3273,1
6374,0
1731,1
1636,1
2445,0
2475,0
7027,0
541,1
5108,0
4111,1
714,1
719,0
2470,0
1297,1
1602,1
424,0
1086,1
1730,1
457,0
6946,1
1635,0
1210,0
620,0
4053,0
5051,0
3663,1
2482,1
4437,0
6191,0
4895,1
948,0
6366,0
7060,1
4439,0
3294,0
6355,0
4420,1
4324,1
4888,0
2123,1
2968,1
2452,0
2821,0
1478,0
2854,0
3004,1
413,0
4718,0
3415,1
1565,1
2241,0
3780,1
3596,1
4859,0
4467,1
30,1
2593,1
5270,0
5044,1
2266,1
6559,0
5566,0
1849,0
4477,1
7061,0
6338,0
3079,1
3113,0
1747,0
708,0
2603,0
7009,1
492,0
4795,0
2786,0
4455,0
3511,0
1291,0
5820,0
4975,1
3655,0
4048,1
6924,0
5294,0
4396,0
808,1
1863,1
2059,1
2638,0
3668,0
869,1
115,1
5161,1
1118,0
6602,1
1716,1
1315,1
446,1
2660,0
2921,1
1881,0
2360,1
4593,1
538,0
3154,1
6182,1
3105,1
2989,1
2684,1
4250,1
3201,0
5609,0
5540,1
6520,1
6094,0
4152,0
4105,1
397,1
3130,0
5094,0
769,1
2082,0
2017,0
3504,0
4278,1
2282,1
5589,0
6397,0
6036,1
6264,1
3288,0
2048,1
5807,1
6746,0
5465,0
695,1
6126,0
4579,1
2781,0
2696,0
1230,1
5659,1
2675,1
82,1
6768,1
4914,0
1581,1
5971,1
6935,0
4622,1
6475,0
5625,1
241,0
4288,0
6319,0
2000,1
5300,1
1630,1
4962,0
3452,1
6992,0
5393,0
4300,0
280,0
3872,1
5290,0
1922,1
6593,0
5833,0
4824,0
2583,1
6789,1
4099,1
5381,0
233,1
3102,1
2720,0
2441,1
1221,0
6676,0
6441,0
7033,0
6860,1
215,0
3304,0
823,1
6273,1
1659,1
5379,0
746,1
1346,1
6187,1
6849,0
2945,0
2513,0
1324,0
3728,0
2733,1
2927,1
1628,1
3591,0
1643,1
5250,0
6328,1
6954,0
178,1
2393,0
2351,0
5798,0
597,1
5189,0
5893,0
431,1
4652,1
1982,0
1542,0
1026,1
6000,1
3471,1
7,0
6886,1
3671,0
39,0
385,1
3496,1
3625,0
6933,0
5784,0
6598,1
5859,0
4322,1
1691,0
2799,0
6901,1
1988,1
540,0
2510,0
2731,0
1844,1
7046,0
305,1
6826,1
7008,1
6947,1
5891,1
1096,1
1535,0
5517,0
3754,0
5814,0
1785,0
6557,1
5433,0
962,0
1246,0
1626,0
1971,1
2641,1
3497,1
2230,1
5012,0
975,1
4072,1
668,1
1160,0
5461,1
5687,1
4887,0
6239,1
2260,0
6368,0
1,0
6591,0
4252,1
53,1
6284,1
5222,0
1848,1
1733,0
4401,0
834,0
5802,1
3681,1
4157,0
1364,1
382,1
3997,0
6903,1
3899,1
6507,1
5354,1
6543,1
5707,0
605,0
5870,1
1321,1
3490,0
2713,0
1169,0
667,0
246,0
1617,0
5013,0
5714,0
2950,0
3820,0
4334,1
1282,0
4206,0
1338,0
6525,0
1152,0
7042,0
3222,1
4869,0
1337,0
4934,0
4554,1
3736,1
4200,1
3270,0
6266,0
4167,0
903,1
3199,0
6870,1
2200,0
5756,1
1574,0
5323,0
4972,0
5346,1
1828,1
6824,1
5152,1
4874,0
1362,0
3200,0
5648,0
599,1
6287,0
3365,1
4623,1
2281,1
399,0
6321,0
5210,1
3963,1
3716,0
4785,1
2291,1
5178,0
1108,0
1618,0
6023,0
5666,1
2486,0
1500,0
6771,1
992,0
610,1
3683,0
696,1
2396,0
3223,0
3849,1
4385,0
6655,1
201,1
5538,0
1472,1
5628,0
2667,0
3373,1
5372,0
5951,0
938,0
3764,1
203,0
3897,1
4173,1
3597,1
1493,0
3944,1
3263,1
6140,0
2020,0
4935,0
3088,0
6967,0
6444,1
4905,1
6420,0
3257,1
2507,0
6699,1
6391,0
2432,0
1485,0
5660,0
4468,0
1468,0
6966,0
3862,0
2502,1
2509,0
185,0
2930,0
2014,0
3984,0
6379,1
5989,1
5225,0
5061,1
5671,0
4672,1
3842,0
782,0
3189,0
2329,1
1288,0
6030,0
2569,1
226,0
4676,0
855,0
7056,1
1704,1
6580,0
879,1
3326,1
6062,1
6393,1
2903,1
6685,0
5905,0
2797,1
3590,1
231,0
2381,0
2597,0
1405,1
1527,0
1898,0
2803,0
7007,0
821,0
2338,0
1686,1
439,0
754,0
3016,0
6630,1
4723,0
1136,1
2223,1
1495,0
1360,0
2150,0
5667,0
3082,0
6902,1
6392,0
6634,1
3037,0
2935,1
4021,0
3348,1
4305,1
2114,0
4585,1
3427,0
2568,0
5133,1
2496,1
2818,0
5008,1
5568,1
4309,0
6388,1
5273,1
3833,1
5469,0
4518,0
4058,0
2149,0
2913,0
209,0
1504,0
2941,1
4523,0
2334,1
3245,1
6767,0
4081,0
1936,1
4744,0
5558,0
1335,0
1090,1
1843,1
2425,1
336,0
4413,0
3191,0
5266,1
416,1
6528,1
2847,0
155,1
684,0
3125,0
6262,1
3306,0
6799,0
5819,0
3560,1
5864,0
6959,0
470,1
679,0
1238,1
1277,1
5364,0
3208,1
2064,1
4871,1
3092,1
4876,1
1164,1
6048,0
6006,1
425,0
3280,1
520,1
6895,1
2357,0
1121,1
5773,1
966,0
3586,0
6956,0
6016,0
5050,0
6228,1
5887,0
1649,0
5449,0
4214,1
6654,0
5191,1
4019,0
6112,0
3405,1
6968,1
5505,0
6010,0
5236,0
141,0
4626,1
2293,0
3903,1
2887,0
3662,0
5780,0
89,0
2337,1
740,0
6723,1
5116,0
494,0
268,0
6071,1
4059,0
2412,1
3072,1
1400,1
1559,0
3402,0
3025,1
5274,1
6498,0
2949,1
980,1
4231,1
4855,1
4083,0
3616,0
6164,1
5069,0
12,0
3051,0
6332,0
130,0
5251,1
2809,0
97,1
4978,0
5612,1
5494,1
854,1
672,0
2145,0
4174,1
7055,0
4228,0
472,0
3879,1
3321,0
4983,0
5138,0
6872,1
4285,1
2792,0
225,1
4286,0
2363,1
3028,0
3523,0
16,1
1438,1
2964,1
2923,1
4796,0
4842,1
2936,1
5235,0
2795,0
5208,1
575,0
2342,0
3680,0
1853,1
2341,0
2822,1
5145,0
1477,1
2252,1
6863,0
3960,0
4458,1
2325,1
5502,0
5400,1
4925,1
6253,0
1417,1
6440,0
5593,1
4531,1
939,1
2273,1
1789,0
177,0
5645,1
4247,1
5476,0
4565,1
3624,0
5091,0
4331,0
1615,1
4480,0
751,1
6815,1
5886,1
1972,0
2298,1
3682,1
1158,0
5831,0
686,0
5703,0
4359,0
5678,1
69,0
745,1
3301,1
6696,1
3377,1
2437,0
172,0
1846,0
3749,1
2872,0
1005,1
3607,0
1517,1
5920,1
4857,0
1143,1
5771,0
5535,1
4442,1
3629,0
6448,1
3649,0
4188,1
3298,1
4974,1
5321,1
5454,0
3406,1
445,0
1370,0
1995,0
6554,0
5992,0
5994,1
527,1
3689,0
6578,1
6836,1
6541,0
3793,1
5173,0
295,0
2370,0
6352,1
345,0
2566,1
5508,1
2398,1
4994,1
138,0
2570,1
6702,1
96,0
3891,0
2107,0
5115,1
2549,1
6439,0
954,1
2216,0
5658,1
6116,0
6449,0
6638,1
1650,0
2582,0
277,0
4747,0
6942,1
6361,0
1896,1
4114,1
4865,1
840,0
5487,0
4516,0
5602,1
606,1
6169,1
6292,1
1117,0
3704,0
1312,1
3787,1
3010,0
307,1
5722,1
6985,0
2478,1
401,1
365,0
4135,1
4301,0
5987,1
5363,1
4194,1
6015,0
1422,0
3240,1
45,0
1656,1
877,1
3393,1
982,0
3422,0
119,0
4382,1
2074,1
4843,0
4701,0
5513,0
1490,1
6668,0
6128,1
2204,1
4629,0
2172,0
5262,0
622,1
916,0
5523,1
3229,1
364,1
5839,0
6151,0
3409,0
1002,0
198,0
5229,0
6675,0
6499,1
2299,0
627,1
5822,1
2824,1
2433,0
5147,1
892,1
5016,1
6109,0
6161,0
3687,1
1702,1
1978,0
6698,1
5768,0
529,1
396,0
5180,0
301,1
6981,1
5702,1
2035,0
151,0
2156,1
4636,0
859,0
114,0
3170,0
518,1
272,1
1950,0
2450,1
6856,1
3988,1
4893,1
6857,0
5059,1
2457,0
3136,0
624,0
3085,1
6012,1
3009,1
1156,0
5087,0
4007,0
6146,1
6932,1
6614,1
2591,0
3250,1
4743,0
6479,0
3024,0
6899,0
3086,1
1207,1
6990,1
6285,0
4885,1
1665,0
1131,1
2206,0
1501,0
2012,1
6405,1
5046,1
145,0
4803,1
3488,0
5366,1
547,0
5953,1
5014,1
3463,0
6535,0
4115,1
4551,0
4806,0
1462,1
6999,0
1384,1
5850,1
2891,0
4944,0
1925,1
6267,0
2595,1
6344,1
4103,1
542,1
5007,0
3444,1
5962,0
2652,0
550,0
129,1
1466,1
3498,0
4896,1
1259,0
4902,0
5312,1
4208,1
5653,1
3609,0
2262,0
5022,0
3065,1
5937,0
6957,1
1443,0
3139,1
521,0
5467,0
6618,1
4475,1
3156,0
378,1
1816,0
333,0
6787,0
2600,1
1889,1
6243,0
3556,0
6798,0
5405,1
6138,0
4698,0
4740,0
6812,1
4868,1
5680,1
2086,1
3536,0
4068,0
4003,1
3564,1
4545,0
282,0
4407,0
2520,1
2053,1
1904,0
5606,0
1075,1
419,1
5970,0
3395,0
5174,0
5281,1
6722,0
5463,0
4630,1
759,0
5922,1
2387,1
2296,0
6047,1
6751,0
3702,0
765,1
6949,1
6877,0
943,1
4884,1
4828,0
927,0
1256,0
3712,0
2703,0
6419,1
434,1
5019,1
6365,0
5635,0
1055,0
4853,0
1694,0
2037,0
6115,1
5825,1
1139,1
4134,1
1003,0
3446,0
6508,0
4471,0
1974,0
4597,0
6802,1
3666,1
486,0
940,0
6371,0
5988,0
2178,1
2497,0
5793,0
1718,1
330,1
3896,1
4444,1
2333,1
6599,1
3190,0
5356,1
1024,0
1340,0
4969,1
3976,1
702,1
1199,0
6235,0
1638,1
2853,1
1668,0
2588,1
4556,0
3786,0
1530,0
1381,1
1525,1
5546,0
625,0
722,1
5877,1
6278,1
6963,1
5187,1
742,0
2572,0
1992,1
3919,1
2289,0
4233,0
283,1
1392,0
1107,0
3557,0
2890,1
2783,1
1620,0
6859,0
6118,1
4343,1
4774,1
517,1
1609,0
8,1
5434,0
3234,1
6386,1
6973,0
3936,0
5432,1
4351,1
1089,0
3346,1
1568,0
4742,0
4687,0
1810,1
585,0
3929,1
6013,1
3109,1
244,1
5037,1
959,1
5195,1
662,0
2015,0
153,1
2190,1
2392,0
3410,1
3268,0
6039,1
4488,1
3205,1
4574,1
4112,1
5344,1
1116,1
3777,0
2462,0
21,1
5594,1
4177,0
5227,1
1054,1
501,1
1093,0
1532,1
498,1
2518,0
6755,1
6032,1
2883,0
4634,0
2176,1
4155,0
730,1
694,0
5291,0
1764,0
1080,0
1361,1
1231,1
489,0
2097,1
3851,1
5137,0
4532,1
4614,0
6686,0
3991,0
2631,1
4943,0
677,1
3636,0
1388,1
4966,0
5239,0
4722,0
3534,0
5378,0
936,1
4768,1
4460,1
2817,0
4713,0
4311,1
3942,1
2940,0
2290,1
41,0
6539,1
2832,1
2042,1
4373,0
6841,1
4195,0
4014,0
6837,1
3813,1
3164,0
761,1
3006,0
315,1
5985,1
3672,1
1220,0
7010,0
6524,1
2701,0
2969,1
5841,0
3973,0
1788,1
3204,1
3708,1
2442,1
6373,1
2068,0
1088,0
3913,1
441,1
637,1
5828,1
4548,0
4522,1
6594,1
3211,0
6157,1
6095,0
6096,1
1759,1
6782,0
3108,1
6663,0
6552,1
1924,1
6550,0
4163,0
876,0
3359,0
1607,0
6414,1
6564,0
5450,1
6719,1
4210,1
6381,0
2897,0
6952,1
236,1
1486,1
4076,0
4903,1
6150,1
6165,1
4649,1
4779,0
4276,0
6074,1
4335,0
6086,0
4533,1
2985,0
2152,0
3863,1
5160,0
4201,0
3044,1
2899,1
4838,1
3821,1
5827,1
950,1
5733,0
5818,0
5361,1
3404,0
199,1
3218,1
1320,1
5923,1
3021,0
2627,0
6845,0
7039,1
3350,0
453,0
4833,1
2951,1
6640,1
6139,1
262,0
924,0
5203,1
658,1
5919,0
1916,1
1890,0
1751,1
1594,0
137,0
6217,0
6108,0
726,1
6334,1
1930,0
240,1
1208,1
2466,0
6079,1
4725,1
5518,0
6149,1
5192,1
3355,1
1180,0
4525,1
161,1
2771,1
3182,0
3865,1
1171,1
2766,1
554,1
3642,1
2349,0
6512,1
3691,1
2612,1
6509,1
3095,0
6665,1
3127,0
3087,1
4374,1
3226,0
4403,0
5474,1
4891,1
2811,1
2198,0
1760,0
2905,1
2447,0
3413,1
2498,0
3220,0
1550,0
1470,1
791,1
4526,1
248,0
5153,0
5695,0
6463,0
1348,1
4981,1
2762,1
4469,1
2882,1
4325,0
1998,1
221,0
5347,0
3100,0
717,1
1197,1
2896,1
1920,1
4078,0
1906,0
3179,0
74,1
2604,0
2213,1
665,0
3076,0
3034,0
5921,1
2878,0
1515,0
4507,1
6534,1
1196,0
5283,1
574,1
2316,1
4017,1
5975,0
6501,1
162,1
2094,1
2967,1
6145,1
5387,0
6317,1
5155,0
4160,1
1138,1
3823,1
4752,1
3274,0
285,1
299,0
2057,1
1189,0
120,0
1022,1
1508,0
4575,0
469,0
2335,1
3864,1
4410,1
6389,0
2806,0
926,0
5584,1
3811,0
3465,0
3856,0
635,0
6906,1
3159,0
455,0
923,1
1547,0
106,1
7012,1
2686,0
2451,1
507,0
4706,1
5276,0
918,0
5020,1
1625,1
5679,0
1829,0
3611,1
7015,1
3895,0
5968,0
6504,0
711,1
4391,0
1526,0
5719,0
6242,0
1917,1
5969,0
6875,1
3924,0
3330,0
3018,0
26,0
4683,1
2851,0
3587,0
2722,1
4567,1
4906,1
604,1
4101,0
3875,1
985,1
1074,1
5723,1
136,0
3893,1
6681,0
766,1
1475,0
179,0
6674,0
4184,0
5176,0
1752,1
1742,0
1835,0
1404,0
5097,1
1812,1
3244,1
3362,0
6345,1
6027,1
3381,0
1923,1
4451,1
2095,1
5221,0
2358,1
444,0
6642,1
3645,0
6049,1
499,1
3262,0
2320,0
2373,0
3859,1
6827,1
1366,0
1912,0
1663,1
4514,1
1403,0
944,1
4949,1
3114,0
987,0
4271,1
1092,1
5402,0
3221,0
1616,1
6678,0
4329,1
6070,1
6185,1
2995,1
3173,1
3888,1
3347,1
6986,1
3692,1
5948,1
4109,0
7044,0
6195,1
2040,0
1944,0
4240,1
6607,1
5999,0
2756,1
5130,1
2646,1
2956,0
1369,1
2309,0
5533,0
362,1
4345,0
4952,1
533,1
6672,1
211,0
4249,0
3473,0
4055,1
1608,1
6759,1
3695,0
5857,0
5284,1
19,0
3369,0
1123,0
6969,0
5165,1
6989,0
3437,1
6421,1
6376,1
5510,0
3440,1
6205,0
3639,1
5621,1
3055,1
3122,0
3537,0
5777,0
290,1
5745,1
291,1
1871,0
2438,0
3143,1
5246,0
6667,0
3418,0
4821,0
2841,0
1798,0
6446,0
1025,1
2728,1
3286,1
3734,1
4519,0
800,0
3483,0
1962,1
1430,0
2406,1
4354,1
1411,1
6485,1
6940,1
3054,0
4487,1
3049,0
70,1
181,1
2650,0
1671,0
2772,1
1491,0
4927,1
4998,1
2428,0
4122,1
4702,1
4294,0
2538,0
1481,0
3592,1
3808,0
1317,1
4729,1
3886,1
266,0
4530,1
2118,0
4808,0
4422,1
1251,1
4670,0
6505,1
5369,0
222,1
6491,1
1484,1
1901,1
5306,1
6248,1
4645,1
118,1
3162,1
616,0
4086,1
4544,1
6045,0
5552,1
5328,1
906,1
2397,0
6166,1
343,1
6970,0
6208,0
2124,1
2028,0
2515,0
1391,0
4829,0
4728,1
1698,1
5002,0
4666,1
776,0
38,0
6152,1
4909,1
5700,0
3653,1
5911,0
1836,0
1903,0
4727,0
4399,0
346,1
6919,0
214,0
1217,0
3715,0
2874,0
7022,1
819,0
3995,1
6424,0
5277,0
579,0
3805,1
3367,0
5787,0
1290,1
5812,0
4674,0
750,0
1284,1
6563,1
1141,0
1877,1
6547,1
1304,0
3870,0
3300,1
5693,0
6757,1
22,0
4611,0
3000,1
693,0
736,0
5367,0
815,0
816,0
4093,1
5670,0
6701,1
1571,0
806,1
77,1
6800,1
37,1
6155,0
3999,1
1367,1
2790,1
375,0
5800,1
2654,0
2871,1
5751,1
977,0
3694,1
4731,0
3962,1
1521,0
5853,1
3686,0
404,1
897,1
5949,1
3228,1
331,1
490,1
1738,0
2308,1
4150,0
5058,1
6538,0
5681,0
2911,1
2877,1
5406,0
6915,1
5064,0
5843,0
843,0
1803,1
4185,1
3303,0
883,0
3531,0
2188,0
271,1
4337,0
2158,0
6661,0
4133,0
755,1
377,1
5279,1
3525,1
1933,0
5443,0
3477,1
4749,1
1480,0
4283,1
594,0
1233,1
5604,0
6135,0
2613,0
3810,0
3894,1
1396,0
1393,1
4737,1
6134,0
2189,1
1200,1
1127,1
4079,1
5674,1
970,1
6198,0
568,0
6271,1
6087,1
1168,0
3829,1
5039,0
4708,1
2704,0
592,1
389,1
4655,0
1431,0
3364,0
2195,1
112,0
1195,0
6263,1
2362,1
2601,0
6017,1
6056,1
6480,1
978,1
6031,1
3965,1
6415,0
1510,0
5098,1
59,1
6120,1
467,0
763,1
6110,1
2142,1
2090,1
6814,1
919,0
3230,0
4657,0
5216,0
6407,1
2032,1
4356,0
1408,0
3958,0
1699,1
1229,0
1859,1
6658,0
4993,0
5041,0
5219,1
1902,1
4386,0
2648,1
6566,1
2255,1
4648,1
6846,0
2960,1
6258,0
5943,0
2793,0
6330,1
6133,0
5899,1
558,1
6417,1
857,0
2862,1
5000,0
3045,0
3855,0
2007,1
2637,0
4318,1
5641,1
2361,1
2676,1
4627,0
3770,0
3717,0
6971,0
2587,0
6477,0
5169,0
92,1
1040,0
402,1
5549,1
1350,0
6180,0
1390,0
4016,1
5028,0
3327,1
2205,1
2050,1
3316,0
6745,0
3709,1
5623,0
6426,0
4261,1
2839,1
2244,0
4360,1
5267,1
3332,1
3752,0
6158,1
5692,1
825,0
971,0
2431,1
104,0
674,1
3922,0
1872,0
2804,0
1931,0
863,1
1163,0
3295,1
1192,0
6251,1
660,1
2110,1
1009,0
2835,1
1780,0
2377,1
6772,0
5926,1
2994,1
2315,1
6458,0
2998,0
6586,0
3385,0
4073,0
1239,0
6043,1
3594,1
1218,0
5021,0
5607,1
2974,1
3783,0
785,1
3461,0
874,0
5548,1
6257,0
5280,0
6201,1
6403,0
4375,0
5675,0
5076,0
5785,0
3469,0
2607,1
6340,1
357,0
3996,1
3428,1
1186,0
4040,0
3161,0
6738,1
2385,1
2238,1
1953,0
6356,0
3901,0
1523,1
4721,1
4445,1
5212,0
1057,1
6912,1
2275,0
3940,0
2633,0
6091,0
2300,1
314,1
6705,1
4836,1
5018,0
4832,1
1870,0
1094,1
2895,1
1534,1
3163,1
4659,0
4930,0
2479,1
2484,1
3387,1
10,0
5801,1
5575,0
2225,1
1587,1
783,0
1991,1
5188,0
2355,0
3093,0
166,0
6936,1
2562,1
5386,1
3614,0
5761,0
4080,1
6487,0
504,0
2565,0
2165,0
6574,1
194,0
3898,0
511,1
5637,0
62,0
4789,0
2729,1
545,0
5907,0
5830,1
676,0
600,1
1818,1
6231,0
753,1
4424,0
4669,0
1476,0
6793,1
5382,0
3835,0
422,1
1851,1
5779,1
1183,0
1119,0
3932,1
2917,0
5258,1
5077,1
4618,0
688,0
5581,0
1154,0
2690,0
749,0
2106,1
2844,1
1996,0
3900,0
1967,1
3931,1
3794,0
6927,1
15,1
2859,0
4699,0
5500,0
5414,1
5043,0
4333,0
3152,1
5477,1
6058,1
6825,0
5057,0
4036,1
3549,0
6068,1
1817,0
4390,0
6573,1
5472,0
5762,1
3236,0
654,1
5309,0
3468,0
2719,1
1623,0
2191,1
4646,0
2276,0
4854,1
784,1
2732,1
4549,0
6671,1
3993,0
2072,1
564,1
1445,0
190,0
6608,0
2326,0
3768,1
3291,0
459,0
2678,1
3035,0
6106,1
5322,1
5619,0
1619,0
4719,1
4209,1
2749,0
3887,1
6680,1
6236,0
6662,0
1479,0
2219,1
4761,0
3081,1
4282,0
5004,0
2914,1
3464,1
4858,1
7047,1
4398,1
6898,1
4197,1
2692,1
5206,1
3720,1
4067,1
5939,1
5124,1
2471,1
6363,1
2038,1
2611,0
407,0
5422,1
4735,0
5339,1
321,0
6276,0
5868,1
6004,0
4647,1
5624,1
2621,0
483,0
4985,0
3430,1
1837,1
1800,0
4596,0
1679,1
4342,1
4830,0
7040,1
2939,1
6203,0
2540,0
7063,0
6560,1
6515,0
1214,1
6387,1
6569,0
5615,0
1496,0
359,1
1062,1
6670,1
6229,0
4938,0
5737,1
1016,1
13,0
1212,0
3142,0
2133,1
2183,1
5409,1
4564,0
2391,1
2043,1
4827,1
6064,0
2748,0
390,0
949,0
1126,0
1252,1
5728,1
6619,0
4976,0
4766,0
6081,1
2186,1
3987,1
1319,1
1631,1
317,0
1326,1
5525,0
2661,1
6588,0
860,0
6455,1
1308,1
3578,1
3060,1
4366,0
5990,0
4616,0
4394,0
1397,1
6461,0
1099,0
913,0
2464,1
2932,1
1219,1
4908,1
5616,1
6644,0
6460,0
4499,1
1242,1
6972,0
805,1
2873,0
1664,1
1031,1
7025,0
5038,0
4826,1
5131,0
2948,0
6216,1
2019,0
5318,0
6453,1
4638,0
6794,1
443,1
2550,0
2021,1
14,0
2827,1
1433,1
2742,0
5370,0
6354,1
2702,0
4495,0
516,0
2132,0
1423,0
6683,0
4924,0
1205,0
1140,0
1657,0
4675,1
247,0
993,1
6511,1
3287,1
709,1
6833,0
6259,0
2168,1
1847,0
4778,1
3969,1
5202,0
5397,0
513,0
6925,1
2439,0
6597,0
4159,0
3134,1
3533,0
1715,1
452,0
1819,1
3571,1
3372,0
3600,0
3146,0
5633,0
6323,1
6465,1
3014,1
6168,1
4255,1
566,0
5353,1
5226,0
4717,1
2194,1
5026,1
7030,1
5082,1
4580,1
5146,1
2879,1
3445,0
5135,0
2121,0
3619,0
7057,0
6469,1
6035,1
1908,0
3779,1
5792,1
4746,0
68,1
5776,0
779,0
4764,0
4312,1
1569,1
2889,1
6922,0
6078,1
4911,1
1191,0
1460,1
1888,1
3658,1
6280,1
475,0
1834,0
2511,1
1577,0
1347,0
5470,0
3259,0
2105,0
2802,0
5049,1
1860,1
1979,0
340,1
3267,1
2424,0
2842,1
5158,0
4644,1
1292,0
1919,1
4027,0
5900,0
54,1
4297,1
5721,1
1567,1
2481,1
2419,0
2421,1
2928,0
4012,1
1161,0
4303,1
4633,1
4289,1
6490,1
4001,0
4269,1
6975,0
5297,0
3938,0
4553,1
5740,0
6838,0
960,0
4625,1
6776,0
777,0
1801,0
66,1
415,1
1494,1
1497,0
1135,1
1677,0
6651,1
1341,0
4694,1
6322,0
5834,1
6293,0
3575,1
1612,1
2233,1
3261,0
3180,0
991,0
4736,1
4977,1
4543,1
6779,0
4405,1
6866,1
4348,1
4327,1
2443,1
6270,0
1029,0
3679,1
2089,1
2617,0
6315,0
5412,1
4339,0
6867,0
2961,0
1167,1
3517,1
5952,1
1813,1
1295,1
1044,0
1243,0
488,1
4004,0
2202,0
1368,0
6579,0
6,0
3977,0
2250,0
691,0
532,0
6892,0
5040,0
649,1
6576,0
5431,0
6673,0
1854,1
2625,0
4767,1
6349,1
642,1
1249,1
5238,0
2069,0
139,0
304,0
5359,1
5357,1
6416,0
6874,0
440,1
334,1
5475,1
1554,0
969,1
2677,1
4513,1
3971,1
2894,0
1879,1
5778,0
3126,1
6063,1
3150,1
2710,0
372,1
5140,0
3293,1
2556,0
6739,1
5089,0
6050,1
1310,1
1539,1
2738,0
4715,0
3357,0
4126,0
6148,1
917,0
2251,1
3510,0
1194,1
2776,1
555,0
1250,1
5319,0
4346,0
2071,0
6742,1
3416,1
1276,0
4605,1
412,1
3181,0
6589,1
5664,0
1095,1
2044,1
6497,0
2810,0
1151,0
6687,0
6883,1
4392,0
2857,0
5480,0
1339,1
2683,0
6781,0
6364,1
603,0
4650,0
1372,1
509,0
4154,0
4034,0
6369,0
5265,0
6136,1
3939,1
4712,0
418,0
4482,0
2834,0
4873,1
5573,1
91,1
1728,0
5365,1
2645,1
2243,1
3758,0
2775,0
256,0
4769,1
6813,0
6727,1
4936,1
5559,0
6327,0
888,1
544,0
6897,0
1021,1
7028,0
1333,0
2943,0
6707,1
2681,0
915,1
704,0
1546,0
2455,1
2988,0
6621,0
3747,0
126,0
2691,1
2134,0
6040,0
1091,0
4509,1
4321,1
5544,1
963,1
5796,1
1302,0
2850,0
2488,0
4947,0
2228,0
7019,1
1524,0
3500,0
6436,1
3243,0
6339,0
17,0
65,0
4632,0
1267,1
5198,1
2416,0
4182,0
680,1
3719,1
3392,0
4835,0
5256,1
6425,0
5403,1
3503,0
617,0
6997,0
835,1
5603,1
3606,0
3701,1
4291,0
2751,1
3470,1
1068,1
6378,1
1147,1
4241,0
110,1
1575,1
3302,0
3232,0
3129,0
2789,1
6518,1
2739,1
1784,1
4598,1
1580,1
6611,1
890,0
5390,0
3341,1
6142,1
5027,0
1122,1
1162,0
3053,1
2902,0
3225,1
3425,0
6979,0
4915,0
4368,0
6964,1
2875,1
1795,0
4610,0
2446,1
2246,0
698,1
3530,0
1072,0
224,0
6021,0
2990,0
3068,1
2860,1
1298,0
3839,0
3309,0
2467,0
2712,1
1028,1
838,0
951,1
2849,1
1294,1
2693,0
5618,0
2030,1
1257,1
2199,1
7058,1
2292,0
3745,1
5813,1
208,0
1938,1
3172,0
4730,0
1211,0
1678,1
4088,0
1768,1
2957,1
5430,0
1808,1
3248,1
1377,1
581,0
4921,1
442,1
6929,1
4563,1
945,0
3380,1
2129,1
946,1
6418,0
5663,0
5685,1
6055,1
3215,0
1014,1
4098,1
4433,0
1866,1
122,1
562,0
251,1
882,0
4692,0
3439,1
4547,0
1373,0
6375,0
1385,1
109,0
4029,0
6447,1
2477,1
2463,0
242,0
673,0
774,1
3543,0
2001,0
4144,1
2744,1
3583,0
5301,0
5490,0
4800,0
2525,0
1051,0
4350,0
5873,0
3253,1
6555,0
4883,1
6230,1
2427,0
727,1
6022,0
6904,1
5932,1
4550,1
1621,0
6154,1
5897,0
3178,0
2876,1
853,1
1222,1
4607,1
2580,0
796,0
5,1
3448,1
2865,1
5384,1
4466,0
5141,0
3584,0
5042,0
1427,0
2411,0
6939,1
3876,0
5996,0
6221,0
4897,1
6303,0
4958,1
5746,0
5343,0
6210,0
6716,0
2492,0
6842,1
6763,1
1012,1
5757,1
2833,1
1301,1
3767,1
4612,1
4056,0
1185,1
1766,1
2407,0
3697,0
4131,0
2208,0
6483,1
6592,0
4370,0
6493,0
6858,0
6754,0
4232,0
5537,1
5413,0
4933,1
5478,1
5587,0
6914,1
3566,1
5521,0
5661,1
308,0
2858,0
5909,0
4971,1
6766,0
3358,1
2618,1
768,0
6941,1
1536,0
4613,1
2758,1
6100,1
5128,1
2307,0
358,0
4143,0
4707,1
5073,1
5554,1
626,0
997,0
3677,1
3335,0
6540,1
5964,0
497,0
1913,1
2655,0
7024,0
7062,0
1442,1
937,0
1159,0
4825,0
6735,1
6193,0
4463,1
2782,1
1153,1
107,1
4,1
3807,1
3339,1
1662,0
3032,0
5248,0
5927,1
850,1
2915,1
5901,0
3224,1
436,0
647,1
4880,0
7026,1
4066,0
2829,0
2461,0
5428,0
1008,0
371,1
5213,1
2831,1
4446,1
3763,1
556,0
1622,0
5209,1
6879,0
3956,0
5677,1
369,1
7031,0
2846,1
1955,0
6429,0
3429,0
3110,1
4954,0
5175,1
4577,1
6531,1
3012,0
3738,0
2558,1
6753,0
6691,0
996,1
2856,1
5362,1
3046,0
1253,1
2063,1
6256,0
5245,0
3207,0
2548,0
381,1
5684,0
3061,1
4770,0
2031,0
182,0
3401,1
184,0
2100,0
3040,1
1892,0
3548,0
5816,1
466,0
1964,0
6688,0
6294,1
1654,0
2272,1
3873,1
2514,0
4251,1
1703,0
2046,1
3515,1
881,1
278,1
602,0
2122,1
3588,1
5352,0
18,0
4258,1
839,0
4973,1
5396,1
5295,1
2884,1
1894,0
1735,1
1669,0
2805,1
1429,1
374,1
2378,0
7053,1
5895,1
491,0
3828,1
3460,0
4304,0
376,0
5945,1
3017,1
5308,1
2791,1
6326,0
5419,1
4696,1
6878,1
4265,1
2581,1
1064,0
5506,0
1743,1
303,1
1198,1
5639,1
2619,0
5550,0
4953,0
4790,0
2076,0
7003,1
1710,0
1058,0
6093,1
1175,0
4148,0
144,0
352,0
5349,0
1416,1
4176,0
3160,0
6183,0
274,1
1984,1
5711,0
1357,0
25,1
7004,1
4064,0
3454,0
5170,1
2622,1
3233,1
3817,1
1929,0
2909,0
2207,0
3657,1
3941,1
4465,1
2173,0
6546,1
3158,0
5447,1
4741,0
5126,1
1269,0
5580,1
4212,0
5902,0
2426,0
3713,1
1999,0
523,0
1963,1
4178,0
4961,0
5107,0
4517,0
5345,0
1410,0
2026,1
5425,0
5104,0
2418,1
6478,1
2375,0
5880,1
7006,1
1713,1
351,1
5545,0
4253,1
4393,1
1719,0
3545,1
5883,0
1330,0
4890,0
1336,1
2091,1
4246,0
2807,0
5186,1
5368,0
5605,1
170,0
6434,1
2415,1
1048,1
1032,1
5705,0
6026,0
6882,0
4875,0
6840,1
2081,0
3920,1
3495,1
2764,0
4191,0
366,1
968,1
3216,0
1937,0
4753,1
703,1
4889,0
4416,1
2312,1
2906,0
1352,1
4293,1
6246,0
5959,1
5254,1
4117,1
5903,1
2295,0
40,1
191,0
3800,0
1011,0
4203,1
1258,0
986,0
1300,0
3386,0
953,0
2128,0
1645,1
814,1
2372,0
6211,1
3135,1
5438,1
3528,1
3361,0
3792,1
801,0
189,0
142,0
1986,1
2929,0
1225,0
1522,1
1591,1
827,1
6390,0
3285,0
5109,1
1120,0
3765,1
1109,0
2169,1
1240,1
1145,0
6260,0
2947,1
5264,0
6791,0
7043,0
1467,0
3447,0
5439,0
2608,1
4515,0
3959,1
2908,0
1228,0
1328,0
2056,1
1939,0
1793,1
5758,1
6085,1
6324,0
4651,1
4928,0
2286,0
108,1
4145,0
6652,0
3098,1
1604,1
1739,0
5826,1
1255,1
4273,1
5906,1
3353,1
1642,1
6795,1
632,1
878,0
6704,1
461,0
1149,0
5823,0
3334,1
269,1
6428,1
1981,1
3733,0
1941,1
3703,1
2232,0
5933,1
1511,0
218,0
5862,0
384,1
1215,1
6792,1
3121,0
5643,1
3450,0
4503,1
4272,1
3744,1
6430,0
2589,1
456,0
1454,1
1683,1
2991,0
2830,0
1560,0
1802,0
5668,0
6709,0
3927,0
1805,1
147,0
2449,1
844,0
5993,0
2029,0
5515,0
4738,1
5736,0
5497,1
4296,1
510,0
715,0
570,1
4931,0
5464,0
4963,1
57,0
1701,0
7050,0
4035,1
5890,1
2715,0
435,0
6847,0
202,0
6905,0
1356,1
904,1
6839,1
650,1
4198,1
2112,0
3494,0
1840,0
3643,0
6233,0
4942,0
4946,0
328,0
5916,0
3193,1
2382,1
171,1
4520,0
6706,0
6643,0
2010,1
2557,1
4314,1
5009,0
2279,1
4695,0
1327,1
5720,1
5791,1
2615,1
1001,1
5446,1
3323,0
6861,1
2868,0
2366,0
729,0
1749,0
6170,0
5106,1
2192,1
3472,0
2201,0
6913,0
5835,1
2754,1
3059,1
640,0
3119,1
1428,1
1994,0
4266,1
1585,1
2011,0
5788,1
1593,1
6595,1
1413,1
4576,0
5950,1
1744,0
2855,0
93,1
5852,1
4171,0
4496,1
6316,0
2666,1
1358,0
1722,1
5092,1
5673,0
2757,0
974,0
47,0
6489,1
1232,0
2642,0
4709,1
4950,0
5005,1
6101,1
5600,1
2181,1
394,0
5563,1
430,0
260,1
3479,1
5846,0
3123,0
2137,0
360,1
4051,0
5156,1
3579,0
3669,1
6413,0
701,0
2154,0
1821,1
6585,1
6290,1
3926,1
6948,0
5824,0
4970,0
4539,0
4759,1
6834,0
5754,0
3384,1
4196,1
2596,0
4357,0
6503,0
3421,0
4491,0
5821,1
1707,1
1927,1
6974,0
1115,0
762,0
2727,0
6762,1
2777,0
505,0
6336,1
1970,1
3979,1
1181,1
3378,0
1070,1
1596,0
1778,1
3618,1
5557,0
5063,0
4085,0
961,1
5271,1
1960,0
6282,0
1262,1
3908,0
257,0
186,1
6774,0
3077,0
4264,0
3089,0
2527,1
2982,0
5889,0
5854,1
2594,0
125,0
3363,0
3188,1
5488,0
2796,0
135,1
1592,0
2901,1
6596,1
3599,1
4092,1
4189,1
4121,1
6250,0
5217,0
6454,0
4009,0
1418,1
4218,1
4956,1
3978,1
4693,1
2840,0
4128,0
2490,1
3103,0
6750,1
296,0
3975,0
6190,1
2623,1
6038,1
6412,0
842,0
1270,1
6348,0
3610,0
5410,1
1507,1
4384,1
1787,1
2705,1
1329,1
2966,1
4062,0
4813,0
5522,1
4926,1
1424,1
6862,1
4867,0
2203,0
7029,1
3314,0
2171,1
2664,1
4192,1
5197,1
4711,1
2695,1
1910,1
2305,1
4341,1
6367,1
5856,1
5808,1
5644,0
4967,0
380,0
3064,0
4102,0
3019,0
1563,0
6888,0
4984,0
6864,0
551,0
4483,1
7037,1
775,1
1942,1
4417,0
3934,0
569,1
1914,0
3690,0
4227,0
5375,0
5811,0
3727,0
3337,1
1354,0
273,1
3660,0
263,1
5179,1
6587,1
1299,1
458,0
4559,0
2626,0
6167,0
477,0
3621,1
896,1
4408,0
4823,0
4918,1
1948,1
2575,1
4441,0
1688,1
1976,0
6196,0
4844,0
3558,1
3751,0
3675,1
3723,1
1753,1
5519,0
3910,0
298,0
5583,0
3593,1
2144,1
1845,1
6272,0
2542,0
3391,1
1509,0
2395,1
5657,1
111,1
2489,0
3383,0
99,0
1905,0
6536,1
3379,1
6065,1
3184,0
3043,0
87,1
2866,1
6529,1
5799,1
5326,1
4664,0
6218,1
6682,0
23,1
6819,0
2344,1
3175,0
6869,1
367,0
6162,0
5514,1
5257,1
6694,0
2353,0
175,1
6124,0
4582,0
5855,1
5495,0
5931,1
2996,0
1441,1
756,0
1125,0
1869,1
4239,1
5578,1
832,0
2368,1
2671,1
4349,0
6464,1
6760,1
2980,0
176,0
183,1
2229,0
33,1
4220,0
1402,0
716,0
590,0
5569,1
2271,1
1658,0
2304,0
133,0
6930,0
3132,0
3721,1
2651,0
2918,1
790,1
3345,1
5388,1
2555,0
433,1
4292,0
1882,1
4542,1
2256,0
4190,1
1681,1
983,0
524,1
5001,1
845,1
5164,1
3814,0
1374,0
1023,1
6519,1
6481,0
671,0
3815,0
3818,0
1726,1
2073,0
3760,0
2006,1
2365,1
1202,1
5489,1
1038,0
2321,1
4091,0
5373,0
2537,1
1956,0
6268,0
1266,0
2280,0
11,1
3623,0
5383,1
1977,1
4378,1
6725,0
5105,0
3165,0
6615,1
864,1
4448,0
589,0
6577,1
2182,1
4642,1
1059,1
5029,1
94,1
4006,1
1399,0
4560,1
6033,1
1791,1
3042,0
4807,0
4140,1
6684,1
4130,0
2965,1
802,0
4792,0
3568,1
487,0
4440,0
582,1
5253,1
6300,1
5817,0
1421,1
400,1
2869,1
2267,0
3084,0
2004,0
410,1
3197,0
1332,0
1279,1
1184,1
1260,1
2845,0
60,0
86,1
2694,0
5498,0
1573,1
646,1
7020,1
4679,0
2609,1
4387,0
1155,0
1100,1
3773,1
238,0
4682,0
3352,0
4183,0
2179,1
98,0
5649,1
337,1
3819,0
612,1
332,1
5636,0
4899,1
3322,1
4207,1
5915,1
230,0
4248,0
167,0
2716,1
3916,0
243,1
2055,1
1287,0
3419,1
3845,0
1037,1
5630,1
73,0
5963,0
2942,0
1409,1
2529,1
2163,0
837,0
4784,0
1757,1
322,1
1105,1
5991,0
3390,1
3561,0
4412,0
4776,0
1435,1
2403,0
4010,1
3617,0
5351,1
1827,0
3338,0
20,1
5201,0
778,1
5056,1
2495,0
4845,0
5127,0
1949,0
3118,1
4775,0
847,0
27,1
1740,0
4602,0
2838,0
2083,0
5483,0
4299,0
6522,0
2916,0
2135,0
2098,0
2005,0
2062,1
3933,1
2143,0
6729,0
1556,0
3265,0
4170,0
3914,1
6131,1
1060,1
5744,1
1081,1
922,0
5838,1
7038,1
5435,0
6807,1
4640,0
4371,0
6335,0
5371,1
872,0
4819,1
4765,1
512,1
6308,0
6633,0
669,0
3099,0
1307,1
1926,0
6177,0
1705,1
5547,1
6286,1
2435,0
270,0
3451,1
2080,1
6517,1
4878,0
1505,0
3282,0
546,0
6769,0
6076,1
3331,0
5011,0
326,0
1076,1
2530,0
5415,0
36,0
887,0
6606,1
3847,1
2465,1
3540,0
3411,1
353,1
3551,1
6890,0
2483,1
6123,0
2962,1
3907,0
4662,0
3816,0
1067,0
4257,1
4955,1
6476,0
1035,0
5453,1
6382,0
6695,0
1900,0
146,0
4169,0
1204,0
1921,1
2944,1
6801,1
207,0
5961,0
4879,1
957,0
6318,0
1640,0
6717,1
1884,0
3078,1
2404,0
3915,0
1309,0
4951,0
3513,1
1434,1
1020,1
5342,1
5755,0
1666,1
4856,1
1558,1
3198,1
4280,0
2474,1
609,1
3106,1
656,0
6700,1
3149,0
471,0
4213,0
4094,1
4907,1
4376,1
1483,1
4794,0
3951,0
3399,0
3423,0
1263,1
902,1
967,0
1690,1
2640,1
3041,0
1582,0
1380,0
3656,0
5651,1
2867,1
3850,0
4449,0
3071,0
1006,0
1165,0
1323,1
5713,0
794,0
6312,1
4816,0
2003,0
530,0
6090,1
5247,0
651,0
941,0
6960,1
3508,0
4681,0
5062,1
5066,1
28,0
4050,0
3860,0
6383,0
1555,0
4663,1
4850,1
4336,1
5033,0
4840,1
889,1
810,1
5249,1
1675,0
6832,1
3153,1
1761,1
327,0
6492,1
5553,1
3140,1
3120,1
2551,0
3843,1
6650,0
5599,1
3559,1
6452,1
403,1
1799,1
4635,0
5760,1
34,1
6213,0
4104,1
758,0
219,1
909,1
1450,0
648,1
5067,1
3714,0
3788,1
5102,1
463,1
5507,1
846,0
1383,0
5894,0
3542,0
4033,1
4690,0
4501,0
4457,0
5237,1
5794,1
4929,1
5976,1
3532,1
3480,1
2639,1
2493,0
3349,0
2258,1
3581,1
2893,1
1776,0
2120,0
1561,1
3420,1
2265,0
1395,0
2109,1
4798,1
6181,0
2598,0
6395,1
5122,0
4568,1
5913,1
1083,0
741,0
84,1
1375,1
5704,0
5582,0
6184,0
2101,1
350,0
4586,0
4861,1
3867,1
6548,0
3238,0
3310,0
2753,0
4923,0
323,1
5099,0
2614,0
5772,1
4987,0
1439,1
5055,0
4168,0
5689,0
7014,1
4116,1
5647,1
3155,1
4689,0
6785,0
3029,1
3389,0
548,1
1783,0
1349,1
3467,0
3171,0
2371,0
2185,1
7052,1
1061,0
1606,0
1714,1
6209,1
6431,0
2975,1
5815,1
6025,0
3056,0
1193,0
5154,1
931,0
6194,1
460,0
972,1
1823,0
1382,0
2414,1
6003,0
5782,1
5440,0
123,0
6741,1
2221,1
200,1
2774,1
7016,0
3902,0
4421,1
5956,0
4756,1
3852,0
3005,0
2085,0
4425,1
6896,0
1045,0
3442,1
2288,0
344,1
5904,1
1858,1
5292,1
3235,1
6214,1
5851,1
313,0
3935,0
3696,1
4982,0
6357,0
2658,0
571,1
2485,0
6961,0
3589,0
2162,0
3400,1
3455,1
4132,1
5035,0
2440,0
615,0
5074,0
2750,1
5861,0
2768,0
2685,1
3151,0
2159,1
2987,0
286,1
2476,0
2347,1
2711,1
5125,0
1033,0
6991,1
3652,0
942,0
1502,0
5335,1
1957,0
5567,0
2211,0
2367,1
4043,1
1513,1
2058,0
6342,1
2175,0
2820,0
1465,1
4462,1
2369,0
1597,1
5348,1
1359,1
6885,0
4996,0
5442,0
3911,0
898,0
6664,0
6105,0
1043,1
2937,1
5669,1
6473,0
2051,0
3027,1
2430,0
5564,0
4581,1
1875,0
771,0
989,0
3062,1
899,1
3441,0
6953,1
4777,1
3147,0
780,0
6881,0
856,1
312,1
5223,0
493,1
5613,1
197,1
6402,1
4677,0
884,1
2630,1
5997,1
525,0
2389,0
3206,0
3133,1
4326,0
50,1
593,1
361,0
5416,0
4015,0
1770,1
3546,0
6281,0
1148,1
6829,1
4720,0
3247,1
2346,0
4456,0
5460,1
1697,0
813,0
2087,1
6865,1
253,1
5981,1
6828,0
2726,1
792,1
4473,1
2294,0
5136,0
3654,0
2665,0
288,0
3838,1
6472,0
6876,1
5504,1
6918,0
5730,0
157,1
5914,1
1146,1
6693,1
5111,0
2284,0
2574,0
3111,1
1684,0
6917,1
1909,0
928,1
500,0
6495,1
5220,0
4510,1
3476,0
2564,1
411,0
6582,0
848,1
4156,0
6726,1
1414,0
406,1
6433,0
2526,1
3075,0
6873,0
5709,1
743,0
5080,0
4024,1
3141,0
4847,1
1940,0
1538,1
2714,1
6823,1
3026,0
250,1
4726,1
368,1
5786,1
105,0
1755,1
5313,1
2339,1
116,1
2215,1
154,0
447,1
4381,1
279,1
1915,1
6238,1
1027,1
3737,0
5536,1
6488,0
553,0
5317,1
2116,1
3063,1
4431,1
5526,0
911,0
6628,0
1166,1
6404,1
6408,1
1379,1
3194,0
3722,0
2717,1
6871,1
7032,1
341,1
2379,0
3670,0
543,1
1182,1
6484,0
5168,1
3066,0
4199,0
3830,0
3740,1
5120,1
1911,1
6224,1
1891,0
2331,1
633,1
2517,0
5315,1
700,1
67,1
2079,1
2552,0
5243,1
3101,1
3096,0
2813,1
5298,0
6072,0
5840,1
462,1
4529,1
6059,0
6617,0
4490,0
2708,1
5984,0
49,1
2718,0
3167,1
5585,1
3036,1
3550,0
1781,1
4904,0
2408,0
1103,0
1506,1
2798,1
2417,0
549,1
3424,1
2070,0
5479,1
1077,0
6052,0
3785,1
6159,1
2077,0
6362,1
2131,1
5696,1
3904,0
1807,0
4423,1
952,1
4964,0
1918,0
6822,1
6816,1
1456,1
2359,0
4090,1
2992,0
6748,0
4535,1
3417,0
760,1
2160,0
744,0
4476,0
5101,1
4388,0
81,1
5411,0
2864,0
2576,1
6510,1
1432,0
173,1
3569,0
1461,1
2698,0
5867,1
586,1
4028,1
6400,1
1176,0
5908,1
4772,1
5972,0
5185,1
3622,1
4900,0
1112,0
5193,0
998,1
2088,0
5496,0
1758,1
739,1
3319,1
867,0
4990,1
5626,1
3482,0
2196,1
2209,0
2934,1
1564,1
1069,0
4479,0
5595,1
1157,1
4187,1
4365,1
5259,1
3438,1
5614,1
2458,0
5865,1
598,1
6976,1
3388,0
2978,1
5417,1
3574,1
5716,0
2919,0
4584,1
4939,1
2096,0
5358,0
1551,0
2925,1
2420,1
1958,0
3812,1
4864,1
5085,0
1041,1
956,1
4270,1
1750,1
2259,0
6206,1
2801,1
6396,1
503,0
5244,1
3038,0
4202,0
6325,1
5437,0
338,1
6609,1
1451,1
5878,1
293,1
3368,0
2823,0
528,0
2679,0
6143,0
2350,0
2881,0
4002,1
6711,0
3784,1
5845,1
6411,0
5576,0
6329,0
1695,0
4060,1
2390,0
4758,1
1711,1
1786,1
5954,0
150,1
2093,0
2825,1
3573,1
2953,0
6690,0
2699,1
4139,1
3329,0
6291,0
6353,1
5065,0
4940,0
6730,1
3651,1
3074,0
7000,0
1187,0
4656,1
6073,1
3831,1
5872,0
6783,0
2861,1
6600,1
5157,0
2955,1
6565,0
6104,1
4703,0
5541,0
655,1
5473,0
6744,1
652,1
5025,0
4591,1
379,0
4686,0
3499,0
1406,0
5966,1
5166,1
828,1
1611,0
1774,0
4831,0
1814,0
4022,0
4018,1
984,0
2970,1
1737,1
6261,1
5565,0
1651,0
4363,0
2099,0
3144,0
6234,1
6237,0
2402,0
2264,1
2410,0
1772,1
4739,1
5240,1
3985,0
4406,1
4222,1
3869,0
1897,0
6314,0
3396,0
5327,0
1586,0
3292,0
6172,0
5023,0
3459,0
6451,1
5118,0
1474,0
160,0
387,0
316,1
3432,1
1447,1
1275,0
4127,1
706,0
2045,1
5252,0
1632,0
608,1
1725,0
5551,0
4395,0
4317,1
2343,1
3538,0
1878,0
5142,0
6893,0
3771,1
2812,0
4204,1
4429,1
979,0
1954,0
822,1
83,0
3930,1
5958,1
6394,0
4733,0
1959,0
5810,0
561,0
4757,0
5399,1
395,1
6007,1
2620,0
3775,1
2239,1
5676,1
5556,0
689,0
6289,0
3020,0
5844,0
5075,1
2981,1
3185,1
935,1
3249,1
5516,0
6921,0
2765,1
4172,1
1993,0
324,1
1203,1
7013,1
6207,1
5912,0
925,1
1674,0
2092,0
2235,0
3516,1
1907,1
752,1
32,1
6438,0
1600,0
2217,1
804,1
5304,0
5462,0
5072,0
6737,1
5148,1
192,0
4119,0
4087,0
5340,0
4277,0
2226,0
5739,0
4643,1
2788,0
1458,1
3953,0
2127,0
3630,0
4450,1
836,0
1822,1
4894,0
5255,0
1283,0
2054,0
80,1
6622,1
1344,1
3980,1
3884,1
6372,1
3524,1
1782,0
3370,0
2669,1
3750,1
4045,1
1386,1
5727,1
2245,1
4025,0
2108,1
2547,0
1997,1
2400,1
4071,0
3627,0
6516,0
3739,1
4755,1
526,0
6301,1
2741,1
2345,1
4937,1
6988,1
213,0
3994,1
2254,0
2136,0
3577,1
4732,0
311,1
1529,0
58,0
5269,1
405,0
6884,1
2545,1
618,0
5577,0
4528,0
731,1
4344,1
2227,0
607,0
871,1
6994,0
1063,0
5562,1
2231,1
1514,0
6305,1
5543,1
5646,0
1667,0
132,1
5172,0
6532,0
6277,1
1590,0
3457,1
2632,0
3743,1
3435,0
3890,0
4262,1
4404,1
6129,1
3755,0
3186,0
2336,1
5096,0
2161,0
3070,1
4760,1
4848,1
6937,0
2528,1
793,0
3947,1
1951,1
6189,0
3664,1
1861,0
4245,1
3023,0
1989,0
3878,1
4558,1
5234,1
5529,0
5743,0
3213,0
6494,0
464,0
228,1
1614,1
3970,0
4238,0
2456,0
2480,1
4179,1
2036,0
5103,1
868,0
3519,0
5084,0
4965,0
4141,1
1779,1
5071,1
2780,0
2653,1
6786,0
3628,0
4489,0
3426,1
3802,1
1047,1
1065,0
3315,0
4367,1
5829,1
3981,0
5524,1
5310,1
6204,0
1436,0
3521,0
1209,0
6009,0
485,0
3312,1
1036,0
797,1
2487,0
6296,0
4592,0
355,0
2049,0
6647,1
1709,0
5260,1
3478,0
3214,1
5392,1
3604,0
6657,0
5520,0
5401,1
1459,0
1452,0
5228,1
5596,0
6359,0
6445,0
9,0
4569,0
354,1
4810,1
4673,1
1387,1
3258,0
657,1
7035,0
476,0
1235,0
245,1
4500,0
3955,0
6307,0
539,0
3466,1
55,0
1775,1
3169,1
1885,0
4478,0
102,0
1552,0
2501,1
2898,0
258,0
159,0
2060,1
910,1
2285,1
5869,0
515,0
6703,1
576,1
4619,0
5045,1
2277,0
6227,1
1278,0
4125,0
7041,1
4497,0
4637,1
5471,1
6889,1
4600,1
1883,0
5302,1
5701,1
1448,0
2472,0
3678,0
5759,1
4751,1
4259,0
685,1
4534,0
7018,0
565,1
4771,1
6295,0
3115,1
6920,0
6843,1
4917,0
1868,0
4851,1
4013,0
6639,1
1234,0
1832,0
6298,1
4020,0
5542,1
2736,0
5338,1
2240,1
3501,1
4362,0
4211,1
1052,1
6809,1
3572,1
7036,0
2380,1
4032,1
3176,0
5445,1
6462,1
42,0
2993,1
4129,1
3520,1
577,1
4700,1
1543,1
3311,0
1306,1
4754,0
4347,0
4815,1
1601,0
6575,0
4999,1
2761,1
5466,0
6641,1
6820,1
5211,0
3620,1
3841,1
6113,1
4229,1
56,0
4415,1
638,0
5590,1
1073,0
5441,0
6222,1
6174,0
3552,1
5888,1
2972,1
1098,1
1049,1
6066,1
5214,0
495,1
6283,1
6084,1
6758,1
6061,0
6810,1
2746,0
5710,0
1457,1
870,0
6450,0
6215,1
4158,0
866,1
4852,1
2224,0
5652,0
4418,0
482,0
6835,0
5998,1
2187,1
2111,0
3983,0
4243,1
3576,0
1345,1
1983,0
6950,1
2979,0
6713,0
2348,1
1114,0
6467,0
1790,1
1201,1
4008,1
1104,0
2730,1
4498,1
297,0
1541,0
4882,1
2938,0
2740,1
2444,0
3626,1
196,1
1325,1
3374,0
5299,0
3725,0
1272,1
3731,1
1537,0
205,1
4330,1
3990,0
725,1
3889,1
64,0
1945,1
4106,0
2023,1
6553,0
3892,0
4426,0
4411,1
587,0
2103,0
4805,1
1578,1
1050,1
6034,0
6011,1
2815,0
5355,1
2274,1
4818,1
2130,0
4959,0
4181,0
5391,1
2352,1
6993,0
3957,1
732,1
309,1
5003,1
2963,0
4175,0
5078,0
4474,0
6958,1
4244,0
4383,0
5924,0
3264,1
2061,0
6987,1
2912,1
2503,1
4427,0
212,0
841,1
5121,1
3950,1
3706,1
1085,1
2524,0
2870,1
3183,0
6718,0
3168,1
3001,1
5491,1
3693,1
5293,0
6797,1
1084,0
858,0
5171,0
733,1
1311,1
2519,1
3277,1
3,0
5842,0
4149,1
5177,0
1634,0
398,0
4377,0
3290,0
885,0
1124,0
239,1
1777,0
921,0
4960,1
5672,0
3854,0
833,0
1425,0
2249,0
4601,0
1895,1
1053,0
976,0
1177,1
6852,0
4546,1
4788,1
3710,0
4671,0
3485,1
5917,0
5967,1
2330,0
4587,0
567,1
789,0
6844,0
5579,1
1746,1
5560,0
2115,1
229,1
5429,0
6636,1
1867,1
4691,0
1499,0
995,0
5331,0
707,1
4430,0
3602,1
5512,0
6358,1
3462,1
734,1
4750,1
281,0
2512,1
6001,1
5112,0
1717,0
4589,1
5151,0
2516,0
2885,0
6910,1
5205,1
6442,0
5032,1
3633,1
5053,0
1584,1
6623,1
1394,0
6121,0
4290,0
3646,0
4812,1
1549,1
5874,1
5458,1
4506,1
718,1
631,1
4065,0
1562,1
1245,0
3116,1
4307,1
6880,1
2586,1
2769,1
223,1
3296,1
2075,1
4986,1
2257,1
6603,1
2759,1
7051,1
3318,0
1464,0
2848,1
1553,1
3157,1
4234,0
2534,0
2784,0
3246,0
6568,1
1842,1
1353,1
4070,1
3403,0
4037,1
614,1
5114,1
117,1
3522,1
1455,1
5866,1
5749,1
2505,0
6931,0
6558,0
2599,0
5285,1
187,0
4653,0
537,0
5654,0
4166,0
4217,0
3803,0
4493,1
4997,1
4419,1
259,1
3580,0
5928,1
6482,1
1318,1
2323,0
6736,0
484,1
1241,1
2735,1
3090,1
4860,1
95,1
195,0
6549,1
6855,0
1721,0
4364,0
128,0
4409,1
2561,1
2931,1
356,0
6788,0
6514,0
6399,1
3880,1
6008,1
426,0
2384,0
6265,1
5938,0
5010,1
2212,1
5936,0
6029,1
4678,1
2033,1
3853,1
2763,0
5752,0
5699,0
6466,1
6613,1
4481,0
4989,1
5385,0
2663,0
6199,1
1206,1
6082,1
767,0
6245,0
2635,0
5143,1
2553,1
6697,1
255,1
5083,1
6983,1
100,1
5858,1
1830,0
6660,1
2242,0
3827,0
1415,1
1647,1
3748,0
4069,0
1748,1
6951,0
4957,1
2041,0
1398,0
3647,0
6635,0
4820,0
3644,0
2328,0
1150,0
5724,1
6521,0
4920,1
4047,1
2531,1
52,1
1566,0
4594,0
4658,1
2521,1
468,0
3336,1
894,1
6459,1
131,0
1018,1
5329,1
3925,0
955,0
2737,0
6080,1
6712,1
3148,0
5527,0
417,1
2532,0
6147,1
829,0
6275,1
3317,0
6410,0
5119,1
2546,0
502,1
5638,1
4236,0
169,0
6176,1
4352,1
5979,1
6632,1
3918,0
6637,0
786,0
2278,1
265,1
4049,0
373,0
5848,1
3555,0
3297,0
6714,0
4402,0
5775,1
3881,1
450,0
4039,1
2954,0
6868,0
807,0
3104,1
465,0
3492,1
4164,1
5712,1
429,1
5837,0
5735,0
2674,1
629,0
6219,0
572,1
275,1
3518,0
432,0
6098,0
6740,1
3631,0
1488,0
639,0
4783,1
3570,0
6733,0
5898,0
5095,0
2220,1
5159,0
6333,0
5144,1
5451,1
5054,1
595,0
